{
  "kernel": "rbf",
  "degree": 3,
  "gamma": "scale",
  "coef0": 0.0,
  "tol": 0.001,
  "C": 1.0,
  "nu": 0.0,
  "epsilon": 0.1,
  "shrinking": true,
  "probability": false,
  "cache_size": 200,
  "class_weight": null,
  "verbose": false,
  "max_iter": -1,
  "random_state": null,
  "_sparse": false,
  "feature_names_in_": ["Time", "Water Pressure"],
  "n_features_in_": 2,
  "class_weight_": [],
  "_gamma": 3.598101919400535e-5,
  "support_": [
    0, 1, 2, 5, 6, 7, 8, 10, 12, 13, 15, 17, 18, 19, 21, 25, 26, 30, 31, 32, 35,
    41, 44, 45, 47, 50, 51, 52, 53, 56, 57, 61, 62, 64, 65
  ],
  "support_vectors_": [
    [20.0, 224.1],
    [1.0, 90.0],
    [6.0, 137.7],
    [12.0, 113.4],
    [23.0, 119.7],
    [2.0, 90.0],
    [1.0, 90.0],
    [4.0, 90.0],
    [6.0, 137.7],
    [22.0, 353.7],
    [1.0, 90.0],
    [20.0, 224.1],
    [23.0, 119.7],
    [22.0, 353.7],
    [13.0, 108.9],
    [20.0, 224.1],
    [11.0, 279.0],
    [6.0, 137.7],
    [7.0, 135.0],
    [10.0, 347.4],
    [4.0, 90.0],
    [13.0, 108.9],
    [10.0, 347.4],
    [4.0, 90.0],
    [3.0, 90.0],
    [3.0, 90.0],
    [12.0, 113.4],
    [2.0, 90.0],
    [0.0, 90.0],
    [3.0, 90.0],
    [13.0, 108.9],
    [7.0, 135.0],
    [12.0, 113.4],
    [16.0, 173.7],
    [3.0, 90.0]
  ],
  "_n_support": [35, 35],
  "dual_coef_": [
    [
      -1.0, -1.0, 1.0, 1.0, 1.0, -1.0, -1.0, -1.0, 1.0, 1.0, -1.0, -1.0, 1.0,
      1.0, 1.0, -1.0, -0.5898182144599894, 1.0, 1.0, 0.29071450806053056, -1.0,
      1.0, 0.8426937799386283, -1.0, -1.0, -1.0, 1.0, -1.0, -0.9642973600012875,
      -1.0, 1.0, 1.0, 1.0, 0.4207072864621182, -1.0
    ]
  ],
  "intercept_": [1.7950143398954252],
  "_probA": [],
  "_probB": [],
  "fit_status_": 0,
  "_num_iter": [108],
  "shape_fit_": [67, 2],
  "_intercept_": [1.7950143398954252],
  "_dual_coef_": [
    [
      -1.0, -1.0, 1.0, 1.0, 1.0, -1.0, -1.0, -1.0, 1.0, 1.0, -1.0, -1.0, 1.0,
      1.0, 1.0, -1.0, -0.5898182144599894, 1.0, 1.0, 0.29071450806053056, -1.0,
      1.0, 0.8426937799386283, -1.0, -1.0, -1.0, 1.0, -1.0, -0.9642973600012875,
      -1.0, 1.0, 1.0, 1.0, 0.4207072864621182, -1.0
    ]
  ],
  "n_iter_": 108
}
