{
  "kernel": "rbf",
  "degree": 3,
  "gamma": "scale",
  "coef0": 0.0,
  "tol": 0.001,
  "C": 1.0,
  "nu": 0.0,
  "epsilon": 0.1,
  "shrinking": true,
  "probability": false,
  "cache_size": 200,
  "class_weight": null,
  "verbose": false,
  "max_iter": -1,
  "random_state": null,
  "_sparse": false,
  "feature_names_in_": ["Time", "Water Pressure"],
  "n_features_in_": 2,
  "class_weight_": [],
  "_gamma": 3.2850082248503193e-5,
  "support_": [
    1, 3, 5, 7, 10, 12, 15, 16, 17, 21, 23, 24, 25, 26, 28, 30, 33, 34, 40, 42,
    43, 47, 48, 52, 53, 57, 58, 59, 61, 63, 64, 65
  ],
  "support_vectors_": [
    [1.0, 90.0],
    [6.0, 137.7],
    [3.0, 90.0],
    [3.0, 90.0],
    [6.0, 137.7],
    [12.0, 113.4],
    [0.0, 90.0],
    [13.0, 108.9],
    [7.0, 135.0],
    [1.0, 90.0],
    [0.0, 90.0],
    [2.0, 90.0],
    [22.0, 353.7],
    [12.0, 113.4],
    [13.0, 108.9],
    [23.0, 119.7],
    [1.0, 90.0],
    [3.0, 90.0],
    [20.0, 224.1],
    [23.0, 119.7],
    [7.0, 135.0],
    [3.0, 90.0],
    [22.0, 353.7],
    [20.0, 224.1],
    [4.0, 90.0],
    [6.0, 137.7],
    [10.0, 347.4],
    [12.0, 113.4],
    [20.0, 224.1],
    [7.0, 135.0],
    [1.0, 90.0],
    [9.0, 235.8]
  ],
  "_n_support": [32, 32],
  "dual_coef_": [
    [
      -1.0, 1.0, -1.0, -1.0, 1.0, 1.0, -1.0, 1.0, 1.0, -1.0, -1.0, -1.0, 1.0,
      1.0, 1.0, 1.0, -1.0, -1.0, -1.0, 0.9410805160997334, 1.0, -1.0, 1.0, -1.0,
      -1.0, 1.0, 0.9090810849384613, 1.0, -1.0, 1.0, -1.0, -0.8501616010381947
    ]
  ],
  "intercept_": [2.055776818448312],
  "_probA": [],
  "_probB": [],
  "fit_status_": 0,
  "_num_iter": [55],
  "shape_fit_": [67, 2],
  "_intercept_": [2.055776818448312],
  "_dual_coef_": [
    [
      -1.0, 1.0, -1.0, -1.0, 1.0, 1.0, -1.0, 1.0, 1.0, -1.0, -1.0, -1.0, 1.0,
      1.0, 1.0, 1.0, -1.0, -1.0, -1.0, 0.9410805160997334, 1.0, -1.0, 1.0, -1.0,
      -1.0, 1.0, 0.9090810849384613, 1.0, -1.0, 1.0, -1.0, -0.8501616010381947
    ]
  ],
  "n_iter_": 55
}
