{
  "kernel": "rbf",
  "degree": 3,
  "gamma": "scale",
  "coef0": 0.0,
  "tol": 0.001,
  "C": 1.0,
  "nu": 0.0,
  "epsilon": 0.1,
  "shrinking": true,
  "probability": false,
  "cache_size": 200,
  "class_weight": null,
  "verbose": false,
  "max_iter": -1,
  "random_state": null,
  "_sparse": false,
  "feature_names_in_": ["Time", "Water Pressure"],
  "n_features_in_": 2,
  "class_weight_": [],
  "_gamma": 3.319611149875322e-5,
  "support_": [
    0, 2, 3, 5, 9, 12, 15, 16, 18, 19, 20, 22, 23, 25, 28, 29, 31, 32, 33, 34,
    35, 36, 40, 42, 43, 47, 48, 52, 53, 54, 56, 57, 59, 60, 61, 63
  ],
  "support_vectors_": [
    [2.0, 90.0],
    [4.0, 90.0],
    [3.0, 90.0],
    [20.0, 224.1],
    [13.0, 108.9],
    [13.0, 108.9],
    [23.0, 119.7],
    [0.0, 90.0],
    [23.0, 119.7],
    [22.0, 353.7],
    [17.0, 194.4],
    [6.0, 137.7],
    [13.0, 108.9],
    [4.0, 90.0],
    [12.0, 113.4],
    [7.0, 135.0],
    [2.0, 90.0],
    [6.0, 137.7],
    [3.0, 90.0],
    [1.0, 90.0],
    [12.0, 113.4],
    [2.0, 90.0],
    [1.0, 90.0],
    [11.0, 279.0],
    [12.0, 113.4],
    [12.0, 113.4],
    [23.0, 119.7],
    [18.0, 297.0],
    [22.0, 353.7],
    [3.0, 90.0],
    [7.0, 135.0],
    [9.0, 235.8],
    [3.0, 90.0],
    [4.0, 90.0],
    [17.0, 194.4],
    [22.0, 353.7]
  ],
  "_n_support": [36, 36],
  "dual_coef_": [
    [
      -1.0, -1.0, -1.0, -1.0, 1.0, 1.0, 1.0, -1.0, 1.0, 1.0, -1.0, 1.0, 1.0,
      -1.0, 1.0, 1.0, -1.0, 1.0, -1.0, -1.0, 1.0, -1.0, -1.0,
      -0.6976191012357538, 1.0, 1.0, 0.971012456395909, -0.26376649182214174,
      1.0, -1.0, 1.0, -0.09757271759439824, -1.0, -1.0, -0.9112682017333361,
      0.9992140559897209
    ]
  ],
  "intercept_": [2.072382478685942],
  "_probA": [],
  "_probB": [],
  "fit_status_": 0,
  "_num_iter": [36],
  "shape_fit_": [67, 2],
  "_intercept_": [2.072382478685942],
  "_dual_coef_": [
    [
      -1.0, -1.0, -1.0, -1.0, 1.0, 1.0, 1.0, -1.0, 1.0, 1.0, -1.0, 1.0, 1.0,
      -1.0, 1.0, 1.0, -1.0, 1.0, -1.0, -1.0, 1.0, -1.0, -1.0,
      -0.6976191012357538, 1.0, 1.0, 0.971012456395909, -0.26376649182214174,
      1.0, -1.0, 1.0, -0.09757271759439824, -1.0, -1.0, -0.9112682017333361,
      0.9992140559897209
    ]
  ],
  "n_iter_": 36
}
