{
  "kernel": "rbf",
  "degree": 3,
  "gamma": "scale",
  "coef0": 0.0,
  "tol": 0.001,
  "C": 1.0,
  "nu": 0.0,
  "epsilon": 0.1,
  "shrinking": true,
  "probability": false,
  "cache_size": 200,
  "class_weight": null,
  "verbose": false,
  "max_iter": -1,
  "random_state": null,
  "_sparse": false,
  "feature_names_in_": ["Time", "Water Pressure"],
  "n_features_in_": 2,
  "class_weight_": [],
  "_gamma": 3.724730643618417e-5,
  "support_": [
    0, 5, 6, 7, 9, 10, 11, 12, 13, 14, 17, 22, 23, 24, 34, 35, 37, 38, 39, 42,
    43, 44, 46, 47, 48, 49, 53, 56, 57, 58, 59, 60, 61, 63, 64, 65
  ],
  "support_vectors_": [
    [3.0, 90.0],
    [13.0, 108.9],
    [1.0, 90.0],
    [9.0, 235.8],
    [2.0, 90.0],
    [1.0, 90.0],
    [13.0, 108.9],
    [20.0, 224.1],
    [7.0, 135.0],
    [2.0, 90.0],
    [2.0, 90.0],
    [6.0, 137.7],
    [6.0, 137.7],
    [4.0, 90.0],
    [0.0, 90.0],
    [22.0, 353.7],
    [6.0, 137.7],
    [2.0, 90.0],
    [13.0, 108.9],
    [0.0, 90.0],
    [4.0, 90.0],
    [23.0, 119.7],
    [3.0, 90.0],
    [7.0, 135.0],
    [1.0, 90.0],
    [20.0, 224.1],
    [13.0, 108.9],
    [23.0, 119.7],
    [22.0, 353.7],
    [22.0, 353.7],
    [11.0, 279.0],
    [20.0, 224.1],
    [12.0, 113.4],
    [0.0, 90.0],
    [12.0, 113.4],
    [7.0, 135.0]
  ],
  "_n_support": [36, 36],
  "dual_coef_": [
    [
      -1.0, 1.0, -1.0, -0.27627712432658164, -1.0, -1.0, 1.0, -1.0, 1.0, -1.0,
      -1.0, 1.0, 1.0, -1.0, -0.6083022099062829, 1.0, 1.0, -1.0, 1.0, -1.0,
      -1.0, 1.0, -1.0, 1.0, -1.0, -1.0, 1.0, 1.0, 1.0, 1.0,
      -0.19146880982622133, -1.0, 1.0, -0.9239518559409142, 1.0, 1.0
    ]
  ],
  "intercept_": [1.7979706095005001],
  "_probA": [],
  "_probB": [],
  "fit_status_": 0,
  "_num_iter": [38],
  "shape_fit_": [67, 2],
  "_intercept_": [1.7979706095005001],
  "_dual_coef_": [
    [
      -1.0, 1.0, -1.0, -0.27627712432658164, -1.0, -1.0, 1.0, -1.0, 1.0, -1.0,
      -1.0, 1.0, 1.0, -1.0, -0.6083022099062829, 1.0, 1.0, -1.0, 1.0, -1.0,
      -1.0, 1.0, -1.0, 1.0, -1.0, -1.0, 1.0, 1.0, 1.0, 1.0,
      -0.19146880982622133, -1.0, 1.0, -0.9239518559409142, 1.0, 1.0
    ]
  ],
  "n_iter_": 38
}
