{
  "kernel": "rbf",
  "degree": 3,
  "gamma": "scale",
  "coef0": 0.0,
  "tol": 0.001,
  "C": 1.0,
  "nu": 0.0,
  "epsilon": 0.1,
  "shrinking": true,
  "probability": false,
  "cache_size": 200,
  "class_weight": null,
  "verbose": false,
  "max_iter": -1,
  "random_state": null,
  "_sparse": false,
  "feature_names_in_": ["Time", "Water Pressure"],
  "n_features_in_": 2,
  "class_weight_": [],
  "_gamma": 3.7491280823863896e-5,
  "support_": [
    3, 4, 5, 8, 9, 10, 12, 13, 14, 17, 18, 19, 21, 22, 26, 27, 28, 30, 32, 35,
    39, 41, 50, 51, 52, 55, 56, 57, 58, 59, 60, 61, 62, 64, 65, 66
  ],
  "support_vectors_": [
    [4.0, 90.0],
    [2.0, 90.0],
    [22.0, 353.7],
    [3.0, 90.0],
    [13.0, 108.9],
    [3.0, 90.0],
    [7.0, 135.0],
    [20.0, 224.1],
    [13.0, 108.9],
    [2.0, 90.0],
    [22.0, 353.7],
    [4.0, 90.0],
    [7.0, 135.0],
    [13.0, 108.9],
    [12.0, 113.4],
    [23.0, 119.7],
    [3.0, 90.0],
    [2.0, 90.0],
    [2.0, 90.0],
    [23.0, 119.7],
    [12.0, 113.4],
    [11.0, 279.0],
    [4.0, 90.0],
    [4.0, 90.0],
    [22.0, 353.7],
    [9.0, 235.8],
    [7.0, 135.0],
    [20.0, 224.1],
    [1.0, 90.0],
    [6.0, 137.7],
    [23.0, 119.7],
    [12.0, 113.4],
    [6.0, 137.7],
    [3.0, 90.0],
    [20.0, 224.1],
    [1.0, 90.0]
  ],
  "_n_support": [36, 36],
  "dual_coef_": [
    [
      -1.0, -1.0, 1.0, -1.0, 1.0, -1.0, 1.0, -1.0, 1.0, -1.0, 1.0, -1.0, 1.0,
      1.0, 1.0, 1.0, -1.0, -1.0, -1.0, 1.0, 1.0, -0.32472272000593344, -1.0,
      -1.0, 1.0, -0.025607446110504275, 1.0, -1.0, -0.67435967093808, 1.0, 1.0,
      1.0, 1.0, -1.0, -1.0, -0.9753101629454822
    ]
  ],
  "intercept_": [1.8025849110687497],
  "_probA": [],
  "_probB": [],
  "fit_status_": 0,
  "_num_iter": [25],
  "shape_fit_": [67, 2],
  "_intercept_": [1.8025849110687497],
  "_dual_coef_": [
    [
      -1.0, -1.0, 1.0, -1.0, 1.0, -1.0, 1.0, -1.0, 1.0, -1.0, 1.0, -1.0, 1.0,
      1.0, 1.0, 1.0, -1.0, -1.0, -1.0, 1.0, 1.0, -0.32472272000593344, -1.0,
      -1.0, 1.0, -0.025607446110504275, 1.0, -1.0, -0.67435967093808, 1.0, 1.0,
      1.0, 1.0, -1.0, -1.0, -0.9753101629454822
    ]
  ],
  "n_iter_": 25
}
