{
  "kernel": "rbf",
  "degree": 3,
  "gamma": "scale",
  "coef0": 0.0,
  "tol": 0.001,
  "C": 1.0,
  "nu": 0.0,
  "epsilon": 0.1,
  "shrinking": true,
  "probability": false,
  "cache_size": 200,
  "class_weight": null,
  "verbose": false,
  "max_iter": -1,
  "random_state": null,
  "_sparse": false,
  "feature_names_in_": ["Time", "Water Pressure"],
  "n_features_in_": 2,
  "class_weight_": [],
  "_gamma": 3.5626359302846706e-5,
  "support_": [
    1, 2, 3, 4, 6, 8, 9, 10, 13, 14, 17, 22, 24, 26, 27, 30, 31, 32, 34, 35, 38,
    40, 41, 42, 44, 48, 50, 51, 52, 55, 57, 58, 60, 61, 62, 63, 65
  ],
  "support_vectors_": [
    [6.0, 137.7],
    [4.0, 90.0],
    [20.0, 224.1],
    [13.0, 108.9],
    [13.0, 108.9],
    [12.0, 113.4],
    [11.0, 279.0],
    [4.0, 90.0],
    [0.0, 90.0],
    [20.0, 224.1],
    [22.0, 353.7],
    [22.0, 353.7],
    [7.0, 135.0],
    [1.0, 90.0],
    [3.0, 90.0],
    [1.0, 90.0],
    [4.0, 90.0],
    [2.0, 90.0],
    [6.0, 137.7],
    [1.0, 90.0],
    [2.0, 90.0],
    [10.0, 347.4],
    [12.0, 113.4],
    [13.0, 108.9],
    [0.0, 90.0],
    [4.0, 90.0],
    [1.0, 90.0],
    [7.0, 135.0],
    [11.0, 279.0],
    [12.0, 113.4],
    [23.0, 119.7],
    [13.0, 108.9],
    [6.0, 137.7],
    [0.0, 90.0],
    [16.0, 173.7],
    [20.0, 224.1],
    [22.0, 353.7]
  ],
  "_n_support": [37, 37],
  "dual_coef_": [
    [
      1.0, -1.0, -1.0, 1.0, 1.0, 1.0, -0.18114714388063313, -1.0,
      -0.1755431296430086, -1.0, 1.0, 1.0, 1.0, -1.0, -1.0, -1.0, -1.0, -1.0,
      1.0, -1.0, -1.0, 0.12273037961427184, 1.0, 1.0, -1.0, -1.0, -1.0, 1.0,
      -0.44181399155227563, 1.0, 1.0, 1.0, 1.0, -0.9948355482407741,
      0.6706094337024197, -1.0, 1.0
    ]
  ],
  "intercept_": [1.798600750513977],
  "_probA": [],
  "_probB": [],
  "fit_status_": 0,
  "_num_iter": [60],
  "shape_fit_": [67, 2],
  "_intercept_": [1.798600750513977],
  "_dual_coef_": [
    [
      1.0, -1.0, -1.0, 1.0, 1.0, 1.0, -0.18114714388063313, -1.0,
      -0.1755431296430086, -1.0, 1.0, 1.0, 1.0, -1.0, -1.0, -1.0, -1.0, -1.0,
      1.0, -1.0, -1.0, 0.12273037961427184, 1.0, 1.0, -1.0, -1.0, -1.0, 1.0,
      -0.44181399155227563, 1.0, 1.0, 1.0, 1.0, -0.9948355482407741,
      0.6706094337024197, -1.0, 1.0
    ]
  ],
  "n_iter_": 60
}
