{
  "kernel": "rbf",
  "degree": 3,
  "gamma": "scale",
  "coef0": 0.0,
  "tol": 0.001,
  "C": 1.0,
  "nu": 0.0,
  "epsilon": 0.1,
  "shrinking": true,
  "probability": false,
  "cache_size": 200,
  "class_weight": null,
  "verbose": false,
  "max_iter": -1,
  "random_state": null,
  "_sparse": false,
  "feature_names_in_": ["Time", "Water Pressure"],
  "n_features_in_": 2,
  "class_weight_": [],
  "_gamma": 3.627888460881224e-5,
  "support_": [
    0, 2, 3, 7, 10, 11, 12, 13, 15, 18, 20, 24, 25, 27, 29, 32, 34, 35, 36, 38,
    40, 41, 42, 44, 45, 47, 48, 52, 55, 58, 61, 62, 64, 65, 66
  ],
  "support_vectors_": [
    [4.0, 90.0],
    [7.0, 135.0],
    [6.0, 137.7],
    [22.0, 353.7],
    [3.0, 90.0],
    [12.0, 113.4],
    [2.0, 90.0],
    [6.0, 137.7],
    [7.0, 135.0],
    [3.0, 90.0],
    [20.0, 224.1],
    [22.0, 353.7],
    [23.0, 119.7],
    [3.0, 90.0],
    [3.0, 90.0],
    [1.0, 90.0],
    [20.0, 224.1],
    [2.0, 90.0],
    [12.0, 113.4],
    [22.0, 353.7],
    [1.0, 90.0],
    [6.0, 137.7],
    [4.0, 90.0],
    [12.0, 113.4],
    [13.0, 108.9],
    [18.0, 297.0],
    [2.0, 90.0],
    [9.0, 235.8],
    [2.0, 90.0],
    [4.0, 90.0],
    [13.0, 108.9],
    [16.0, 173.7],
    [7.0, 135.0],
    [12.0, 113.4],
    [20.0, 224.1]
  ],
  "_n_support": [35, 35],
  "dual_coef_": [
    [
      -1.0, 1.0, 1.0, 1.0, -1.0, 1.0, -1.0, 1.0, 1.0, -1.0, -1.0, 1.0, 1.0,
      -1.0, -1.0, -1.0, -1.0, -1.0, 1.0, 1.0, -0.7047010684512603, 1.0, -1.0,
      1.0, 1.0, -0.2861343217736315, -1.0, -0.07278133362885675, -1.0, -1.0,
      1.0, 0.06361672385374846, 1.0, 1.0, -1.0
    ]
  ],
  "intercept_": [1.7894846989145994],
  "_probA": [],
  "_probB": [],
  "fit_status_": 0,
  "_num_iter": [51],
  "shape_fit_": [67, 2],
  "_intercept_": [1.7894846989145994],
  "_dual_coef_": [
    [
      -1.0, 1.0, 1.0, 1.0, -1.0, 1.0, -1.0, 1.0, 1.0, -1.0, -1.0, 1.0, 1.0,
      -1.0, -1.0, -1.0, -1.0, -1.0, 1.0, 1.0, -0.7047010684512603, 1.0, -1.0,
      1.0, 1.0, -0.2861343217736315, -1.0, -0.07278133362885675, -1.0, -1.0,
      1.0, 0.06361672385374846, 1.0, 1.0, -1.0
    ]
  ],
  "n_iter_": 51
}
